{"cameraMode":{"drawMode":0,"name":"Shaded","section":"Shading Mode"},"sceneLighting":true,"audioPlay":false,"sceneViewState":{"showFog":true,"showMaterialUpdate":false,"showSkybox":true,"showFlares":true,"showImageEffects":true,"showParticleSystems":true},"in2DMode":false,"pivot":{"x":7.588736057281494,"y":2.0299453735351564,"z":11.777928352355957},"rotation":{"x":0.7119746804237366,"y":-0.002110094763338566,"z":0.0021394507493823768,"w":0.7021987438201904},"size":28.356435775756837,"orthographic":false}